<assembly>
	<id>package</id>
	<formats>
		<format>zip</format>
		<format>tar</format>
		<format>jar</format>
	</formats>
	<dependencySets>
		<dependencySet>
			<outputDirectory>lib</outputDirectory>
			<unpack>false</unpack>
			<scope>runtime</scope>
		</dependencySet>
	</dependencySets>
	<fileSets>
		<fileSet>
			<directory>src/main/resources</directory>
			<outputDirectory>config</outputDirectory>
			<includes>
				<include>**/*.ini</include>
				<include>**/*.xml</include>
			</includes>
		</fileSet>
		<fileSet>
			<directory>inputFiles</directory>
			<outputDirectory>inputFiles</outputDirectory>
			<includes>
				<include>**/*.SIM</include>
			</includes>
		</fileSet>
		<fileSet>
			<directory>scripts</directory>
			<outputDirectory>scripts</outputDirectory>
		</fileSet>
	</fileSets>
</assembly>
