<?xml version="1.0" encoding="UTF-8"?>
<!DOCTYPE log4j:configuration SYSTEM "log4j.dtd">
<log4j:configuration xmlns:log4j="http://jakarta.apache.org/log4j/">

	<appender name="console" class="org.apache.log4j.ConsoleAppender">
		<param name="Target" value="System.out"/>
		<layout class="org.apache.log4j.PatternLayout">
			<param name="ConversionPattern" value="%d{HH:mm:ss,SSS} %t %C [%p] - %m%n"/>
		</layout>
	</appender>
	
	<appender name="logFile" class="org.apache.log4j.DailyRollingFileAppender">
		<param name="threshold" value="INFO"/>
		<param name="append" value="true"/>
		<param name="immediateFlush" value="true"/>
		<param name="datePattern" value="'.'yyyy-MM-dd" />
		<param name="file" value="${log.dir}/airport-simulator.log"/>
		<layout class="org.apache.log4j.PatternLayout">
			<param name="conversionPattern" value="%d{HH:mm:ss,SSS} %t %C [%p] - %m%n"/>
		</layout>
	</appender>
	
	
	<logger name="log4j.rootLogger" additivity="false">
		<level value="INFO" />
		<appender-ref ref="console"/>
		<appender-ref ref="logFile" />
	</logger>
		
	<root>
		<priority value="info"/>
		<appender-ref ref="console"/>
		<appender-ref ref="logFile"/>
	</root>

</log4j:configuration>