<?xml version="1.0" encoding="UTF-8"?>
<beans xmlns="http://www.springframework.org/schema/beans"
	xmlns:xsi="http://www.w3.org/2001/XMLSchema-instance" xmlns:context="http://www.springframework.org/schema/context"
	default-autowire="byName" xmlns:task="http://www.springframework.org/schema/task"
	xmlns:util="http://www.springframework.org/schema/util" xmlns:int="http://www.springframework.org/schema/integration"
	xmlns:file="http://www.springframework.org/schema/integration/file"
	xsi:schemaLocation="http://www.springframework.org/schema/beans
    http://www.springframework.org/schema/beans/spring-beans-3.0.xsd
    http://www.springframework.org/schema/task
    http://www.springframework.org/schema/task/spring-task-3.0.xsd
    http://www.springframework.org/schema/context
	http://www.springframework.org/schema/context/spring-context-3.0.xsd
	http://www.springframework.org/schema/integration 
	http://www.springframework.org/schema/integration/spring-integration-2.2.xsd
	http://www.springframework.org/schema/integration/file 
	http://www.springframework.org/schema/integration/file/spring-integration-file-2.2.xsd">

	<!-- include file receiver -->
	<context:component-scan base-package="com.loyaltyone.problem.airportsim.receiver"
		use-default-filters="false">
		<context:include-filter type="assignable"
			expression="com.loyaltyone.problem.airportsim.receiver.FileReceiver" />
	</context:component-scan>

	<bean id="inputFileSets" class="java.util.ArrayList">
		<constructor-arg>
			<list>
				<value>SIMULATOR_REQUEST_####.SIM</value>
			</list>
		</constructor-arg>
	</bean>




	<task:annotation-driven />

</beans>